{
    "0": {
        "state": [
            0,
            0,
            0,
            0,
            0,
            0,
            0,
            0,
            0
        ],
        "next": [
            "1",
            "16"
        ],
        "score": 0.5904900000000002,
        "end": false
    },
    "1": {
        "state": [
            0,
            0,
            0,
            0,
            1,
            0,
            0,
            0,
            0
        ],
        "next": [
            "2"
        ],
        "score": -0.5904900000000002,
        "end": false
    },
    "2": {
        "state": [
            -1,
            0,
            0,
            0,
            1,
            0,
            0,
            0,
            0
        ],
        "next": [
            "3",
            "9",
            "22"
        ],
        "score": -0.6561000000000001,
        "end": false
    },
    "3": {
        "state": [
            -1,
            0,
            0,
            1,
            1,
            0,
            0,
            0,
            0
        ],
        "next": [
            "4"
        ],
        "score": -0.5904900000000002,
        "end": false
    },
    "4": {
        "state": [
            -1,
            0,
            0,
            1,
            1,
            -1,
            0,
            0,
            0
        ],
        "next": [
            "5"
        ],
        "score": -0.6561000000000001,
        "end": false
    },
    "5": {
        "state": [
            -1,
            0,
            0,
            1,
            1,
            -1,
            1,
            0,
            0
        ],
        "next": [
            "6"
        ],
        "score": -0.7290000000000001,
        "end": false
    },
    "6": {
        "state": [
            -1,
            0,
            -1,
            1,
            1,
            -1,
            1,
            0,
            0
        ],
        "next": [
            "7"
        ],
        "score": -0.81,
        "end": false
    },
    "7": {
        "state": [
            -1,
            0,
            -1,
            1,
            1,
            -1,
            1,
            0,
            1
        ],
        "next": [
            "8"
        ],
        "score": -0.9,
        "end": false
    },
    "8": {
        "state": [
            -1,
            -1,
            -1,
            1,
            1,
            -1,
            1,
            0,
            1
        ],
        "next": [],
        "score": -1,
        "end": true
    },
    "9": {
        "state": [
            -1,
            0,
            1,
            0,
            1,
            0,
            0,
            0,
            0
        ],
        "next": [
            "10"
        ],
        "score": 0.0,
        "end": false
    },
    "10": {
        "state": [
            -1,
            0,
            1,
            0,
            1,
            0,
            -1,
            0,
            0
        ],
        "next": [
            "11"
        ],
        "score": 0.0,
        "end": false
    },
    "11": {
        "state": [
            -1,
            0,
            1,
            1,
            1,
            0,
            -1,
            0,
            0
        ],
        "next": [
            "12"
        ],
        "score": 0.0,
        "end": false
    },
    "12": {
        "state": [
            -1,
            0,
            1,
            1,
            1,
            0,
            -1,
            -1,
            0
        ],
        "next": [
            "13"
        ],
        "score": 0.0,
        "end": false
    },
    "13": {
        "state": [
            -1,
            0,
            1,
            1,
            1,
            0,
            -1,
            -1,
            1
        ],
        "next": [
            "14"
        ],
        "score": 0.0,
        "end": false
    },
    "14": {
        "state": [
            -1,
            0,
            1,
            1,
            1,
            -1,
            -1,
            -1,
            1
        ],
        "next": [
            "15"
        ],
        "score": 0.0,
        "end": false
    },
    "15": {
        "state": [
            -1,
            1,
            1,
            1,
            1,
            -1,
            -1,
            -1,
            1
        ],
        "next": [],
        "score": 0.0,
        "end": false
    },
    "16": {
        "state": [
            1,
            0,
            0,
            0,
            0,
            0,
            0,
            0,
            0
        ],
        "next": [
            "17",
            "40"
        ],
        "score": 0.6561000000000001,
        "end": false
    },
    "17": {
        "state": [
            1,
            0,
            0,
            0,
            -1,
            0,
            0,
            0,
            0
        ],
        "next": [
            "18",
            "33"
        ],
        "score": 0.7290000000000001,
        "end": false
    },
    "18": {
        "state": [
            1,
            1,
            0,
            0,
            -1,
            0,
            0,
            0,
            0
        ],
        "next": [
            "19"
        ],
        "score": -0.7290000000000001,
        "end": false
    },
    "19": {
        "state": [
            1,
            1,
            -1,
            0,
            -1,
            0,
            0,
            0,
            0
        ],
        "next": [
            "20"
        ],
        "score": -0.81,
        "end": false
    },
    "20": {
        "state": [
            1,
            1,
            -1,
            0,
            -1,
            0,
            0,
            1,
            0
        ],
        "next": [
            "21"
        ],
        "score": -0.9,
        "end": false
    },
    "21": {
        "state": [
            1,
            1,
            -1,
            0,
            -1,
            0,
            -1,
            1,
            0
        ],
        "next": [],
        "score": -1,
        "end": true
    },
    "22": {
        "state": [
            -1,
            0,
            0,
            0,
            1,
            0,
            0,
            0,
            1
        ],
        "next": [
            "23",
            "27"
        ],
        "score": -0.7290000000000001,
        "end": false
    },
    "23": {
        "state": [
            -1,
            0,
            0,
            0,
            1,
            -1,
            0,
            0,
            1
        ],
        "next": [
            "24"
        ],
        "score": 0.7290000000000001,
        "end": false
    },
    "24": {
        "state": [
            -1,
            0,
            1,
            0,
            1,
            -1,
            0,
            0,
            1
        ],
        "next": [
            "25"
        ],
        "score": 0.81,
        "end": false
    },
    "25": {
        "state": [
            -1,
            -1,
            1,
            0,
            1,
            -1,
            0,
            0,
            1
        ],
        "next": [
            "26"
        ],
        "score": 0.9,
        "end": false
    },
    "26": {
        "state": [
            -1,
            -1,
            1,
            0,
            1,
            -1,
            1,
            0,
            1
        ],
        "next": [],
        "score": 1,
        "end": true
    },
    "27": {
        "state": [
            -1,
            0,
            -1,
            0,
            1,
            0,
            0,
            0,
            1
        ],
        "next": [
            "28",
            "30"
        ],
        "score": -0.81,
        "end": false
    },